{"cameraMode":{"drawMode":0,"name":"Shaded","section":"Shading Mode"},"sceneLighting":true,"audioPlay":false,"sceneViewState":{"m_AlwaysRefresh":false,"showFog":true,"showSkybox":true,"showFlares":true,"showImageEffects":true,"showParticleSystems":true,"showVisualEffectGraphs":true,"m_FxEnabled":true},"in2DMode":false,"pivot":{"x":1888.26708984375,"y":744.0404052734375,"z":567.5770263671875},"rotation":{"x":0.14934678375720979,"y":0.03470027446746826,"z":-0.005245905369520187,"w":0.9881685376167297},"size":1072.2335205078125,"orthographic":true}